Survived,Pclass,Age,SibSp,Parch,Ticket,Fare,Cabin,FamilyCount,IsReverend,Embarked_C,Embarked_Q,Embarked_S,IsMale,Title
0,3,22.0,1,0,A/5 21171,7.25,¯\(ツ)/¯,1,0,0,0,1,1,Mr
1,1,38.0,1,0,PC 17599,71.2833,C85,1,0,1,0,0,0,Mrs
1,3,26.0,0,0,STON/O2. 3101282,7.925,¯\(ツ)/¯,0,0,0,0,1,0,Miss
1,1,35.0,1,0,113803,53.1,C123,1,0,0,0,1,0,Mrs
0,3,35.0,0,0,373450,8.05,¯\(ツ)/¯,0,0,0,0,1,1,Mr
0,3,,0,0,330877,8.4583,¯\(ツ)/¯,0,0,0,1,0,1,Mr
0,1,54.0,0,0,17463,51.8625,E46,0,0,0,0,1,1,Mr
0,3,2.0,3,1,349909,21.075,¯\(ツ)/¯,4,0,0,0,1,1,Master
1,3,27.0,0,2,347742,11.1333,¯\(ツ)/¯,2,0,0,0,1,0,Mrs
1,2,14.0,1,0,237736,30.0708,¯\(ツ)/¯,1,0,1,0,0,0,Mrs
1,3,4.0,1,1,PP 9549,16.7,G6,2,0,0,0,1,0,Miss
1,1,58.0,0,0,113783,26.55,C103,0,0,0,0,1,0,Miss
0,3,20.0,0,0,A/5. 2151,8.05,¯\(ツ)/¯,0,0,0,0,1,1,Mr
0,3,39.0,1,5,347082,31.275,¯\(ツ)/¯,6,0,0,0,1,1,Mr
0,3,14.0,0,0,350406,7.8542,¯\(ツ)/¯,0,0,0,0,1,0,Miss
1,2,55.0,0,0,248706,16.0,¯\(ツ)/¯,0,0,0,0,1,0,Mrs
0,3,2.0,4,1,382652,29.125,¯\(ツ)/¯,5,0,0,1,0,1,Master
1,2,,0,0,244373,13.0,¯\(ツ)/¯,0,0,0,0,1,1,Mr
0,3,31.0,1,0,345763,18.0,¯\(ツ)/¯,1,0,0,0,1,0,Mrs
1,3,,0,0,2649,7.225,¯\(ツ)/¯,0,0,1,0,0,0,Mrs
0,2,35.0,0,0,239865,26.0,¯\(ツ)/¯,0,0,0,0,1,1,Mr
1,2,34.0,0,0,248698,13.0,D56,0,0,0,0,1,1,Mr
1,3,15.0,0,0,330923,8.0292,¯\(ツ)/¯,0,0,0,1,0,0,Miss
1,1,28.0,0,0,113788,35.5,A6,0,0,0,0,1,1,Mr
0,3,8.0,3,1,349909,21.075,¯\(ツ)/¯,4,0,0,0,1,0,Miss
1,3,38.0,1,5,347077,31.3875,¯\(ツ)/¯,6,0,0,0,1,0,Mrs
0,3,,0,0,2631,7.225,¯\(ツ)/¯,0,0,1,0,0,1,Mr
0,1,19.0,3,2,19950,263.0,C23 C25 C27,5,0,0,0,1,1,Mr
1,3,,0,0,330959,7.8792,¯\(ツ)/¯,0,0,0,1,0,0,Miss
0,3,,0,0,349216,7.8958,¯\(ツ)/¯,0,0,0,0,1,1,Mr
0,1,40.0,0,0,PC 17601,27.7208,¯\(ツ)/¯,0,0,1,0,0,1,Don
1,1,,1,0,PC 17569,146.5208,B78,1,0,1,0,0,0,Mrs
1,3,,0,0,335677,7.75,¯\(ツ)/¯,0,0,0,1,0,0,Miss
0,2,66.0,0,0,C.A. 24579,10.5,¯\(ツ)/¯,0,0,0,0,1,1,Mr
0,1,28.0,1,0,PC 17604,82.1708,¯\(ツ)/¯,1,0,1,0,0,1,Mr
0,1,42.0,1,0,113789,52.0,¯\(ツ)/¯,1,0,0,0,1,1,Mr
1,3,,0,0,2677,7.2292,¯\(ツ)/¯,0,0,1,0,0,1,Mr
0,3,21.0,0,0,A./5. 2152,8.05,¯\(ツ)/¯,0,0,0,0,1,1,Mr
0,3,18.0,2,0,345764,18.0,¯\(ツ)/¯,2,0,0,0,1,0,Miss
1,3,14.0,1,0,2651,11.2417,¯\(ツ)/¯,1,0,1,0,0,0,Miss
0,3,40.0,1,0,7546,9.475,¯\(ツ)/¯,1,0,0,0,1,0,Mrs
0,2,27.0,1,0,11668,21.0,¯\(ツ)/¯,1,0,0,0,1,0,Mrs
0,3,,0,0,349253,7.8958,¯\(ツ)/¯,0,0,1,0,0,1,Mr
1,2,3.0,1,2,SC/Paris 2123,41.5792,¯\(ツ)/¯,3,0,1,0,0,0,Miss
1,3,19.0,0,0,330958,7.8792,¯\(ツ)/¯,0,0,0,1,0,0,Miss
0,3,,0,0,S.C./A.4. 23567,8.05,¯\(ツ)/¯,0,0,0,0,1,1,Mr
0,3,,1,0,370371,15.5,¯\(ツ)/¯,1,0,0,1,0,1,Mr
1,3,,0,0,14311,7.75,¯\(ツ)/¯,0,0,0,1,0,0,Miss
0,3,,2,0,2662,21.6792,¯\(ツ)/¯,2,0,1,0,0,1,Mr
0,3,18.0,1,0,349237,17.8,¯\(ツ)/¯,1,0,0,0,1,0,Mrs
0,3,7.0,4,1,3101295,39.6875,¯\(ツ)/¯,5,0,0,0,1,1,Master
0,3,21.0,0,0,A/4. 39886,7.8,¯\(ツ)/¯,0,0,0,0,1,1,Mr
1,1,49.0,1,0,PC 17572,76.7292,D33,1,0,1,0,0,0,Mrs
1,2,29.0,1,0,2926,26.0,¯\(ツ)/¯,1,0,0,0,1,0,Mrs
0,1,65.0,0,1,113509,61.9792,B30,1,0,1,0,0,1,Mr
1,1,,0,0,19947,35.5,C52,0,0,0,0,1,1,Mr
1,2,21.0,0,0,C.A. 31026,10.5,¯\(ツ)/¯,0,0,0,0,1,0,Miss
0,3,28.5,0,0,2697,7.2292,¯\(ツ)/¯,0,0,1,0,0,1,Mr
1,2,5.0,1,2,C.A. 34651,27.75,¯\(ツ)/¯,3,0,0,0,1,0,Miss
0,3,11.0,5,2,CA 2144,46.9,¯\(ツ)/¯,7,0,0,0,1,1,Master
0,3,22.0,0,0,2669,7.2292,¯\(ツ)/¯,0,0,1,0,0,1,Mr
0,1,45.0,1,0,36973,83.475,C83,1,0,0,0,1,1,Mr
0,3,4.0,3,2,347088,27.9,¯\(ツ)/¯,5,0,0,0,1,1,Master
0,1,,0,0,PC 17605,27.7208,¯\(ツ)/¯,0,0,1,0,0,1,Mr
1,3,,1,1,2661,15.2458,¯\(ツ)/¯,2,0,1,0,0,1,Master
1,2,29.0,0,0,C.A. 29395,10.5,F33,0,0,0,0,1,0,Mrs
0,3,19.0,0,0,S.P. 3464,8.1583,¯\(ツ)/¯,0,0,0,0,1,1,Mr
1,3,17.0,4,2,3101281,7.925,¯\(ツ)/¯,6,0,0,0,1,0,Miss
0,3,26.0,2,0,315151,8.6625,¯\(ツ)/¯,2,0,0,0,1,1,Mr
0,2,32.0,0,0,C.A. 33111,10.5,¯\(ツ)/¯,0,0,0,0,1,1,Mr
0,3,16.0,5,2,CA 2144,46.9,¯\(ツ)/¯,7,0,0,0,1,0,Miss
0,2,21.0,0,0,S.O.C. 14879,73.5,¯\(ツ)/¯,0,0,0,0,1,1,Mr
0,3,26.0,1,0,2680,14.4542,¯\(ツ)/¯,1,0,1,0,0,1,Mr
1,3,32.0,0,0,1601,56.4958,¯\(ツ)/¯,0,0,0,0,1,1,Mr
0,3,25.0,0,0,348123,7.65,F G73,0,0,0,0,1,1,Mr
0,3,,0,0,349208,7.8958,¯\(ツ)/¯,0,0,0,0,1,1,Mr
0,3,,0,0,374746,8.05,¯\(ツ)/¯,0,0,0,0,1,1,Mr
1,2,0.83,0,2,248738,29.0,¯\(ツ)/¯,2,0,0,0,1,1,Master
1,3,30.0,0,0,364516,12.475,¯\(ツ)/¯,0,0,0,0,1,0,Miss
0,3,22.0,0,0,345767,9.0,¯\(ツ)/¯,0,0,0,0,1,1,Mr
1,3,29.0,0,0,345779,9.5,¯\(ツ)/¯,0,0,0,0,1,1,Mr
1,3,,0,0,330932,7.7875,¯\(ツ)/¯,0,0,0,1,0,0,Miss
0,1,28.0,0,0,113059,47.1,¯\(ツ)/¯,0,0,0,0,1,1,Mr
1,2,17.0,0,0,SO/C 14885,10.5,¯\(ツ)/¯,0,0,0,0,1,0,Miss
1,3,33.0,3,0,3101278,15.85,¯\(ツ)/¯,3,0,0,0,1,0,Mrs
0,3,16.0,1,3,W./C. 6608,34.375,¯\(ツ)/¯,4,0,0,0,1,1,Mr
0,3,,0,0,SOTON/OQ 392086,8.05,¯\(ツ)/¯,0,0,0,0,1,1,Mr
1,1,23.0,3,2,19950,263.0,C23 C25 C27,5,0,0,0,1,0,Miss
0,3,24.0,0,0,343275,8.05,¯\(ツ)/¯,0,0,0,0,1,1,Mr
0,3,29.0,0,0,343276,8.05,¯\(ツ)/¯,0,0,0,0,1,1,Mr
0,3,20.0,0,0,347466,7.8542,¯\(ツ)/¯,0,0,0,0,1,1,Mr
0,1,46.0,1,0,W.E.P. 5734,61.175,E31,1,0,0,0,1,1,Mr
0,3,26.0,1,2,C.A. 2315,20.575,¯\(ツ)/¯,3,0,0,0,1,1,Mr
0,3,59.0,0,0,364500,7.25,¯\(ツ)/¯,0,0,0,0,1,1,Mr
0,3,,0,0,374910,8.05,¯\(ツ)/¯,0,0,0,0,1,1,Mr
0,1,71.0,0,0,PC 17754,34.6542,A5,0,0,1,0,0,1,Mr
1,1,23.0,0,1,PC 17759,63.3583,D10 D12,1,0,1,0,0,1,Mr
1,2,34.0,0,1,231919,23.0,¯\(ツ)/¯,1,0,0,0,1,0,Mrs
0,2,34.0,1,0,244367,26.0,¯\(ツ)/¯,1,0,0,0,1,1,Mr
0,3,28.0,0,0,349245,7.8958,¯\(ツ)/¯,0,0,0,0,1,0,Miss
0,3,,0,0,349215,7.8958,¯\(ツ)/¯,0,0,0,0,1,1,Mr
0,1,21.0,0,1,35281,77.2875,D26,1,0,0,0,1,1,Mr
0,3,33.0,0,0,7540,8.6542,¯\(ツ)/¯,0,0,0,0,1,1,Mr
0,3,37.0,2,0,3101276,7.925,¯\(ツ)/¯,2,0,0,0,1,1,Mr
0,3,28.0,0,0,349207,7.8958,¯\(ツ)/¯,0,0,0,0,1,1,Mr
1,3,21.0,0,0,343120,7.65,¯\(ツ)/¯,0,0,0,0,1,0,Miss
1,3,,0,0,312991,7.775,¯\(ツ)/¯,0,0,0,0,1,1,Mr
0,3,38.0,0,0,349249,7.8958,¯\(ツ)/¯,0,0,0,0,1,1,Mr
1,3,,1,0,371110,24.15,¯\(ツ)/¯,1,0,0,1,0,0,Miss
0,1,47.0,0,0,110465,52.0,C110,0,0,0,0,1,1,Mr
0,3,14.5,1,0,2665,14.4542,¯\(ツ)/¯,1,0,1,0,0,0,Miss
0,3,22.0,0,0,324669,8.05,¯\(ツ)/¯,0,0,0,0,1,1,Mr
0,3,20.0,1,0,4136,9.825,¯\(ツ)/¯,1,0,0,0,1,0,Miss
0,3,17.0,0,0,2627,14.4583,¯\(ツ)/¯,0,0,1,0,0,0,Miss
0,3,21.0,0,0,STON/O 2. 3101294,7.925,¯\(ツ)/¯,0,0,0,0,1,1,Mr
0,3,70.5,0,0,370369,7.75,¯\(ツ)/¯,0,0,0,1,0,1,Mr
0,2,29.0,1,0,11668,21.0,¯\(ツ)/¯,1,0,0,0,1,1,Mr
0,1,24.0,0,1,PC 17558,247.5208,B58 B60,1,0,1,0,0,1,Mr
0,3,2.0,4,2,347082,31.275,¯\(ツ)/¯,6,0,0,0,1,0,Miss
0,2,21.0,2,0,S.O.C. 14879,73.5,¯\(ツ)/¯,2,0,0,0,1,1,Mr
0,3,,0,0,A4. 54510,8.05,¯\(ツ)/¯,0,0,0,0,1,1,Mr
0,2,32.5,1,0,237736,30.0708,¯\(ツ)/¯,1,0,1,0,0,1,Mr
1,2,32.5,0,0,27267,13.0,E101,0,0,0,0,1,0,Miss
0,1,54.0,0,1,35281,77.2875,D26,1,0,0,0,1,1,Mr
1,3,12.0,1,0,2651,11.2417,¯\(ツ)/¯,1,0,1,0,0,1,Master
0,3,,0,0,370372,7.75,¯\(ツ)/¯,0,0,0,1,0,1,Mr
1,3,24.0,0,0,C 17369,7.1417,¯\(ツ)/¯,0,0,0,0,1,1,Mr
1,3,,1,1,2668,22.3583,F E69,2,0,1,0,0,0,Miss
0,3,45.0,0,0,347061,6.975,¯\(ツ)/¯,0,0,0,0,1,1,Mr
0,3,33.0,0,0,349241,7.8958,¯\(ツ)/¯,0,0,1,0,0,1,Mr
0,3,20.0,0,0,SOTON/O.Q. 3101307,7.05,¯\(ツ)/¯,0,0,0,0,1,1,Mr
0,3,47.0,1,0,A/5. 3337,14.5,¯\(ツ)/¯,1,0,0,0,1,0,Mrs
1,2,29.0,1,0,228414,26.0,¯\(ツ)/¯,1,0,0,0,1,0,Mrs
0,2,25.0,0,0,C.A. 29178,13.0,¯\(ツ)/¯,0,0,0,0,1,1,Mr
0,2,23.0,0,0,SC/PARIS 2133,15.0458,¯\(ツ)/¯,0,0,1,0,0,1,Mr
1,1,19.0,0,2,11752,26.2833,D47,2,0,0,0,1,0,Miss
0,1,37.0,1,0,113803,53.1,C123,1,0,0,0,1,1,Mr
0,3,16.0,0,0,7534,9.2167,¯\(ツ)/¯,0,0,0,0,1,1,Mr
0,1,24.0,0,0,PC 17593,79.2,B86,0,0,1,0,0,1,Mr
0,3,,0,2,2678,15.2458,¯\(ツ)/¯,2,0,1,0,0,0,Mrs
1,3,22.0,0,0,347081,7.75,¯\(ツ)/¯,0,0,0,0,1,0,Miss
1,3,24.0,1,0,STON/O2. 3101279,15.85,¯\(ツ)/¯,1,0,0,0,1,0,Mrs
0,3,19.0,0,0,365222,6.75,¯\(ツ)/¯,0,0,0,1,0,1,Mr
0,2,18.0,0,0,231945,11.5,¯\(ツ)/¯,0,0,0,0,1,1,Mr
0,2,19.0,1,1,C.A. 33112,36.75,¯\(ツ)/¯,2,0,0,0,1,1,Mr
1,3,27.0,0,0,350043,7.7958,¯\(ツ)/¯,0,0,0,0,1,1,Mr
0,3,9.0,2,2,W./C. 6608,34.375,¯\(ツ)/¯,4,0,0,0,1,0,Miss
0,2,36.5,0,2,230080,26.0,F2,2,0,0,0,1,1,Mr
0,2,42.0,0,0,244310,13.0,¯\(ツ)/¯,0,1,0,0,1,1,Rev
0,2,51.0,0,0,S.O.P. 1166,12.525,¯\(ツ)/¯,0,1,0,0,1,1,Rev
1,1,22.0,1,0,113776,66.6,C2,1,0,0,0,1,0,Mrs
0,3,55.5,0,0,A.5. 11206,8.05,¯\(ツ)/¯,0,0,0,0,1,1,Mr
0,3,40.5,0,2,A/5. 851,14.5,¯\(ツ)/¯,2,0,0,0,1,1,Mr
0,3,,0,0,Fa 265302,7.3125,¯\(ツ)/¯,0,0,0,0,1,1,Mr
0,1,51.0,0,1,PC 17597,61.3792,¯\(ツ)/¯,1,0,1,0,0,1,Mr
1,3,16.0,0,0,35851,7.7333,¯\(ツ)/¯,0,0,0,1,0,0,Miss
0,3,30.0,0,0,SOTON/OQ 392090,8.05,¯\(ツ)/¯,0,0,0,0,1,1,Mr
0,3,,0,0,315037,8.6625,¯\(ツ)/¯,0,0,0,0,1,1,Mr
0,3,,8,2,CA. 2343,69.55,¯\(ツ)/¯,10,0,0,0,1,1,Master
0,3,44.0,0,1,371362,16.1,¯\(ツ)/¯,1,0,0,0,1,1,Mr
1,2,40.0,0,0,C.A. 33595,15.75,¯\(ツ)/¯,0,0,0,0,1,0,Mrs
0,3,26.0,0,0,347068,7.775,¯\(ツ)/¯,0,0,0,0,1,1,Mr
0,3,17.0,0,0,315093,8.6625,¯\(ツ)/¯,0,0,0,0,1,1,Mr
0,3,1.0,4,1,3101295,39.6875,¯\(ツ)/¯,5,0,0,0,1,1,Master
1,3,9.0,0,2,363291,20.525,¯\(ツ)/¯,2,0,0,0,1,1,Master
1,1,,0,1,113505,55.0,E33,1,0,0,0,1,0,Mrs
0,3,45.0,1,4,347088,27.9,¯\(ツ)/¯,5,0,0,0,1,0,Mrs
0,1,,0,0,PC 17318,25.925,¯\(ツ)/¯,0,0,0,0,1,1,Mr
0,3,28.0,0,0,1601,56.4958,¯\(ツ)/¯,0,0,0,0,1,1,Mr
0,1,61.0,0,0,111240,33.5,B19,0,0,0,0,1,1,Mr
0,3,4.0,4,1,382652,29.125,¯\(ツ)/¯,5,0,0,1,0,1,Master
1,3,1.0,1,1,347742,11.1333,¯\(ツ)/¯,2,0,0,0,1,0,Miss
0,3,21.0,0,0,STON/O 2. 3101280,7.925,¯\(ツ)/¯,0,0,0,0,1,1,Mr
0,1,56.0,0,0,17764,30.6958,A7,0,0,1,0,0,1,Mr
0,3,18.0,1,1,350404,7.8542,¯\(ツ)/¯,2,0,0,0,1,1,Mr
0,3,,3,1,4133,25.4667,¯\(ツ)/¯,4,0,0,0,1,1,Master
0,1,50.0,0,0,PC 17595,28.7125,C49,0,0,1,0,0,0,Miss
0,2,30.0,0,0,250653,13.0,¯\(ツ)/¯,0,0,0,0,1,1,Mr
0,3,36.0,0,0,LINE,0.0,¯\(ツ)/¯,0,0,0,0,1,1,Mr
0,3,,8,2,CA. 2343,69.55,¯\(ツ)/¯,10,0,0,0,1,0,Miss
0,2,,0,0,SC/PARIS 2131,15.05,¯\(ツ)/¯,0,0,1,0,0,1,Mr
0,3,9.0,4,2,347077,31.3875,¯\(ツ)/¯,6,0,0,0,1,1,Master
1,2,1.0,2,1,230136,39.0,F4,3,0,0,0,1,1,Master
1,3,4.0,0,2,315153,22.025,¯\(ツ)/¯,2,0,0,0,1,0,Miss
0,1,,0,0,113767,50.0,A32,0,0,0,0,1,1,Mr
1,3,,1,0,370365,15.5,¯\(ツ)/¯,1,0,0,1,0,0,Mrs
1,1,45.0,0,0,111428,26.55,¯\(ツ)/¯,0,0,0,0,1,1,Mr
0,3,40.0,1,1,364849,15.5,¯\(ツ)/¯,2,0,0,1,0,1,Mr
0,3,36.0,0,0,349247,7.8958,¯\(ツ)/¯,0,0,0,0,1,1,Mr
1,2,32.0,0,0,234604,13.0,¯\(ツ)/¯,0,0,0,0,1,0,Mrs
0,2,19.0,0,0,28424,13.0,¯\(ツ)/¯,0,0,0,0,1,1,Mr
1,3,19.0,1,0,350046,7.8542,¯\(ツ)/¯,1,0,0,0,1,0,Miss
1,2,3.0,1,1,230080,26.0,F2,2,0,0,0,1,1,Master
1,1,44.0,0,0,PC 17610,27.7208,B4,0,0,1,0,0,0,Mrs
1,1,58.0,0,0,PC 17569,146.5208,B80,0,0,1,0,0,0,Miss
0,3,,0,0,368703,7.75,¯\(ツ)/¯,0,0,0,1,0,1,Mr
0,3,42.0,0,1,4579,8.4042,¯\(ツ)/¯,1,0,0,0,1,1,Mr
1,3,,0,0,370370,7.75,¯\(ツ)/¯,0,0,0,1,0,0,Miss
0,2,24.0,0,0,248747,13.0,¯\(ツ)/¯,0,0,0,0,1,0,Miss
0,3,28.0,0,0,345770,9.5,¯\(ツ)/¯,0,0,0,0,1,1,Mr
0,3,,8,2,CA. 2343,69.55,¯\(ツ)/¯,10,0,0,0,1,1,Mr
0,3,34.0,0,0,3101264,6.4958,¯\(ツ)/¯,0,0,0,0,1,1,Mr
0,3,45.5,0,0,2628,7.225,¯\(ツ)/¯,0,0,1,0,0,1,Mr
1,3,18.0,0,0,A/5 3540,8.05,¯\(ツ)/¯,0,0,0,0,1,1,Mr
0,3,2.0,0,1,347054,10.4625,G6,1,0,0,0,1,0,Miss
0,3,32.0,1,0,3101278,15.85,¯\(ツ)/¯,1,0,0,0,1,1,Mr
1,3,26.0,0,0,2699,18.7875,¯\(ツ)/¯,0,0,1,0,0,1,Mr
1,3,16.0,0,0,367231,7.75,¯\(ツ)/¯,0,0,0,1,0,0,Miss
1,1,40.0,0,0,112277,31.0,A31,0,0,1,0,0,1,Mr
0,3,24.0,0,0,SOTON/O.Q. 3101311,7.05,¯\(ツ)/¯,0,0,0,0,1,1,Mr
1,2,35.0,0,0,F.C.C. 13528,21.0,¯\(ツ)/¯,0,0,0,0,1,0,Miss
0,3,22.0,0,0,A/5 21174,7.25,¯\(ツ)/¯,0,0,0,0,1,1,Mr
0,2,30.0,0,0,250646,13.0,¯\(ツ)/¯,0,0,0,0,1,1,Mr
0,3,,1,0,367229,7.75,¯\(ツ)/¯,1,0,0,1,0,1,Mr
1,1,31.0,1,0,35273,113.275,D36,1,0,1,0,0,0,Miss
1,3,27.0,0,0,STON/O2. 3101283,7.925,¯\(ツ)/¯,0,0,0,0,1,0,Miss
0,2,42.0,1,0,243847,27.0,¯\(ツ)/¯,1,0,0,0,1,1,Mr
1,1,32.0,0,0,11813,76.2917,D15,0,0,1,0,0,0,Miss
0,2,30.0,0,0,W/C 14208,10.5,¯\(ツ)/¯,0,0,0,0,1,1,Mr
1,3,16.0,0,0,SOTON/OQ 392089,8.05,¯\(ツ)/¯,0,0,0,0,1,1,Mr
0,2,27.0,0,0,220367,13.0,¯\(ツ)/¯,0,0,0,0,1,1,Mr
0,3,51.0,0,0,21440,8.05,¯\(ツ)/¯,0,0,0,0,1,1,Mr
0,3,,0,0,349234,7.8958,¯\(ツ)/¯,0,0,0,0,1,1,Mr
1,1,38.0,1,0,19943,90.0,C93,1,0,0,0,1,1,Mr
0,3,22.0,0,0,PP 4348,9.35,¯\(ツ)/¯,0,0,0,0,1,1,Mr
1,2,19.0,0,0,SW/PP 751,10.5,¯\(ツ)/¯,0,0,0,0,1,1,Mr
0,3,20.5,0,0,A/5 21173,7.25,¯\(ツ)/¯,0,0,0,0,1,1,Mr
0,2,18.0,0,0,236171,13.0,¯\(ツ)/¯,0,0,0,0,1,1,Mr
0,3,,3,1,4133,25.4667,¯\(ツ)/¯,4,0,0,0,1,0,Miss
1,1,35.0,1,0,36973,83.475,C83,1,0,0,0,1,0,Mrs
0,3,29.0,0,0,347067,7.775,¯\(ツ)/¯,0,0,0,0,1,1,Mr
0,2,59.0,0,0,237442,13.5,¯\(ツ)/¯,0,0,0,0,1,1,Mr
1,3,5.0,4,2,347077,31.3875,¯\(ツ)/¯,6,0,0,0,1,0,Miss
0,2,24.0,0,0,C.A. 29566,10.5,¯\(ツ)/¯,0,0,0,0,1,1,Mr
0,3,,0,0,W./C. 6609,7.55,¯\(ツ)/¯,0,0,0,0,1,0,Miss
0,2,44.0,1,0,26707,26.0,¯\(ツ)/¯,1,0,0,0,1,1,Mr
1,2,8.0,0,2,C.A. 31921,26.25,¯\(ツ)/¯,2,0,0,0,1,0,Miss
0,2,19.0,0,0,28665,10.5,¯\(ツ)/¯,0,0,0,0,1,1,Mr
0,2,33.0,0,0,SCO/W 1585,12.275,¯\(ツ)/¯,0,0,0,0,1,1,Mr
0,3,,1,0,2665,14.4542,¯\(ツ)/¯,1,0,1,0,0,0,Miss
1,3,,1,0,367230,15.5,¯\(ツ)/¯,1,0,0,1,0,0,Miss
0,2,29.0,0,0,W./C. 14263,10.5,¯\(ツ)/¯,0,0,0,0,1,1,Mr
0,3,22.0,0,0,STON/O 2. 3101275,7.125,¯\(ツ)/¯,0,0,0,0,1,1,Mr
0,3,30.0,0,0,2694,7.225,¯\(ツ)/¯,0,0,1,0,0,1,Mr
0,1,44.0,2,0,19928,90.0,C78,2,0,0,1,0,1,Dr
0,3,25.0,0,0,347071,7.775,¯\(ツ)/¯,0,0,0,0,1,0,Miss
1,2,24.0,0,2,250649,14.5,¯\(ツ)/¯,2,0,0,0,1,0,Mrs
1,1,37.0,1,1,11751,52.5542,D35,2,0,0,0,1,1,Mr
0,2,54.0,1,0,244252,26.0,¯\(ツ)/¯,1,1,0,0,1,1,Rev
0,3,,0,0,362316,7.25,¯\(ツ)/¯,0,0,0,0,1,1,Mr
0,3,29.0,1,1,347054,10.4625,G6,2,0,0,0,1,0,Mrs
0,1,62.0,0,0,113514,26.55,C87,0,0,0,0,1,1,Mr
0,3,30.0,1,0,A/5. 3336,16.1,¯\(ツ)/¯,1,0,0,0,1,1,Mr
0,3,41.0,0,2,370129,20.2125,¯\(ツ)/¯,2,0,0,0,1,0,Mrs
1,3,29.0,0,2,2650,15.2458,¯\(ツ)/¯,2,0,1,0,0,0,Mrs
1,1,,0,0,PC 17585,79.2,¯\(ツ)/¯,0,0,1,0,0,0,Mrs
1,1,30.0,0,0,110152,86.5,B77,0,0,0,0,1,0,Miss
1,1,35.0,0,0,PC 17755,512.3292,¯\(ツ)/¯,0,0,1,0,0,0,Miss
1,2,50.0,0,1,230433,26.0,¯\(ツ)/¯,1,0,0,0,1,0,Mrs
0,3,,0,0,384461,7.75,¯\(ツ)/¯,0,0,0,1,0,1,Mr
1,3,3.0,4,2,347077,31.3875,¯\(ツ)/¯,6,0,0,0,1,1,Master
0,1,52.0,1,1,110413,79.65,E67,2,0,0,0,1,1,Mr
0,1,40.0,0,0,112059,0.0,B94,0,0,0,0,1,1,Mr
0,3,,0,0,382649,7.75,¯\(ツ)/¯,0,0,0,1,0,0,Miss
0,2,36.0,0,0,C.A. 17248,10.5,¯\(ツ)/¯,0,0,0,0,1,1,Mr
0,3,16.0,4,1,3101295,39.6875,¯\(ツ)/¯,5,0,0,0,1,1,Mr
1,3,25.0,1,0,347083,7.775,¯\(ツ)/¯,1,0,0,0,1,1,Mr
1,1,58.0,0,1,PC 17582,153.4625,C125,1,0,0,0,1,0,Mrs
1,1,35.0,0,0,PC 17760,135.6333,C99,0,0,0,0,1,0,Miss
0,1,,0,0,113798,31.0,¯\(ツ)/¯,0,0,0,0,1,1,Mr
1,3,25.0,0,0,LINE,0.0,¯\(ツ)/¯,0,0,0,0,1,1,Mr
1,2,41.0,0,1,250644,19.5,¯\(ツ)/¯,1,0,0,0,1,0,Mrs
0,1,37.0,0,1,PC 17596,29.7,C118,1,0,1,0,0,1,Mr
1,3,,0,0,370375,7.75,¯\(ツ)/¯,0,0,0,1,0,0,Miss
1,1,63.0,1,0,13502,77.9583,D7,1,0,0,0,1,0,Miss
0,3,45.0,0,0,347073,7.75,¯\(ツ)/¯,0,0,0,0,1,0,Miss
0,2,,0,0,239853,0.0,¯\(ツ)/¯,0,0,0,0,1,1,Mr
0,3,7.0,4,1,382652,29.125,¯\(ツ)/¯,5,0,0,1,0,1,Master
1,3,35.0,1,1,C.A. 2673,20.25,¯\(ツ)/¯,2,0,0,0,1,0,Mrs
0,3,65.0,0,0,336439,7.75,¯\(ツ)/¯,0,0,0,1,0,1,Mr
0,3,28.0,0,0,347464,7.8542,¯\(ツ)/¯,0,0,0,0,1,1,Mr
0,3,16.0,0,0,345778,9.5,¯\(ツ)/¯,0,0,0,0,1,1,Mr
1,3,19.0,0,0,A/5. 10482,8.05,¯\(ツ)/¯,0,0,0,0,1,1,Mr
0,1,,0,0,113056,26.0,A19,0,0,0,0,1,1,Mr
0,3,33.0,0,0,349239,8.6625,¯\(ツ)/¯,0,0,1,0,0,1,Mr
1,3,30.0,0,0,345774,9.5,¯\(ツ)/¯,0,0,0,0,1,1,Mr
0,3,22.0,0,0,349206,7.8958,¯\(ツ)/¯,0,0,0,0,1,1,Mr
1,2,42.0,0,0,237798,13.0,¯\(ツ)/¯,0,0,0,0,1,1,Mr
1,3,22.0,0,0,370373,7.75,¯\(ツ)/¯,0,0,0,1,0,0,Miss
1,1,26.0,0,0,19877,78.85,¯\(ツ)/¯,0,0,0,0,1,0,Miss
1,1,19.0,1,0,11967,91.0792,B49,1,0,1,0,0,0,Mrs
0,2,36.0,0,0,SC/Paris 2163,12.875,D,0,0,1,0,0,1,Mr
0,3,24.0,0,0,349236,8.85,¯\(ツ)/¯,0,0,0,0,1,0,Miss
0,3,24.0,0,0,349233,7.8958,¯\(ツ)/¯,0,0,0,0,1,1,Mr
0,1,,0,0,PC 17612,27.7208,¯\(ツ)/¯,0,0,1,0,0,1,Mr
0,3,23.5,0,0,2693,7.2292,¯\(ツ)/¯,0,0,1,0,0,1,Mr
0,1,2.0,1,2,113781,151.55,C22 C26,3,0,0,0,1,0,Miss
1,1,,0,0,19988,30.5,C106,0,0,0,0,1,1,Mr
1,1,50.0,0,1,PC 17558,247.5208,B58 B60,1,0,1,0,0,0,Mrs
1,3,,0,0,9234,7.75,¯\(ツ)/¯,0,0,0,1,0,0,Miss
1,3,,2,0,367226,23.25,¯\(ツ)/¯,2,0,0,1,0,1,Mr
0,3,19.0,0,0,LINE,0.0,¯\(ツ)/¯,0,0,0,0,1,1,Mr
1,2,,0,0,226593,12.35,E101,0,0,0,1,0,0,Miss
0,3,,0,0,A/5 2466,8.05,¯\(ツ)/¯,0,0,0,0,1,1,Mr
1,1,0.92,1,2,113781,151.55,C22 C26,3,0,0,0,1,1,Master
1,1,,0,0,17421,110.8833,¯\(ツ)/¯,0,0,1,0,0,0,Miss
1,1,17.0,1,0,PC 17758,108.9,C65,1,0,1,0,0,0,Mrs
0,2,30.0,1,0,P/PP 3381,24.0,¯\(ツ)/¯,1,0,1,0,0,1,Mr
1,1,30.0,0,0,PC 17485,56.9292,E36,0,0,1,0,0,0,Miss
1,1,24.0,0,0,11767,83.1583,C54,0,0,1,0,0,0,Miss
1,1,18.0,2,2,PC 17608,262.375,B57 B59 B63 B66,4,0,1,0,0,0,Miss
0,2,26.0,1,1,250651,26.0,¯\(ツ)/¯,2,0,0,0,1,0,Mrs
0,3,28.0,0,0,349243,7.8958,¯\(ツ)/¯,0,0,0,0,1,1,Mr
0,2,43.0,1,1,F.C.C. 13529,26.25,¯\(ツ)/¯,2,0,0,0,1,1,Mr
1,3,26.0,0,0,347470,7.8542,¯\(ツ)/¯,0,0,0,0,1,0,Miss
1,2,24.0,1,0,244367,26.0,¯\(ツ)/¯,1,0,0,0,1,0,Mrs
0,2,54.0,0,0,29011,14.0,¯\(ツ)/¯,0,0,0,0,1,1,Dr
1,1,31.0,0,2,36928,164.8667,C7,2,0,0,0,1,0,Miss
1,1,40.0,1,1,16966,134.5,E34,2,0,1,0,0,0,Mrs
0,3,22.0,0,0,A/5 21172,7.25,¯\(ツ)/¯,0,0,0,0,1,1,Mr
0,3,27.0,0,0,349219,7.8958,¯\(ツ)/¯,0,0,0,0,1,1,Mr
1,2,30.0,0,0,234818,12.35,¯\(ツ)/¯,0,0,0,1,0,0,Miss
1,2,22.0,1,1,248738,29.0,¯\(ツ)/¯,2,0,0,0,1,0,Mrs
0,3,,8,2,CA. 2343,69.55,¯\(ツ)/¯,10,0,0,0,1,1,Mr
1,1,36.0,0,0,PC 17760,135.6333,C32,0,0,1,0,0,0,Miss
0,3,61.0,0,0,345364,6.2375,¯\(ツ)/¯,0,0,0,0,1,1,Mr
1,2,36.0,0,0,28551,13.0,D,0,0,0,0,1,0,Mrs
1,3,31.0,1,1,363291,20.525,¯\(ツ)/¯,2,0,0,0,1,0,Mrs
1,1,16.0,0,1,111361,57.9792,B18,1,0,1,0,0,0,Miss
1,3,,2,0,367226,23.25,¯\(ツ)/¯,2,0,0,1,0,0,Miss
0,1,45.5,0,0,113043,28.5,C124,0,0,0,0,1,1,Mr
0,1,38.0,0,1,PC 17582,153.4625,C91,1,0,0,0,1,1,Mr
0,3,16.0,2,0,345764,18.0,¯\(ツ)/¯,2,0,0,0,1,1,Mr
1,1,,1,0,PC 17611,133.65,¯\(ツ)/¯,1,0,0,0,1,0,Mrs
0,3,,0,0,349225,7.8958,¯\(ツ)/¯,0,0,0,0,1,1,Mr
0,1,29.0,1,0,113776,66.6,C2,1,0,0,0,1,1,Mr
1,1,41.0,0,0,16966,134.5,E40,0,0,1,0,0,0,Miss
1,3,45.0,0,0,7598,8.05,¯\(ツ)/¯,0,0,0,0,1,1,Mr
0,1,45.0,0,0,113784,35.5,T,0,0,0,0,1,1,Mr
1,2,2.0,1,1,230080,26.0,F2,2,0,0,0,1,1,Master
1,1,24.0,3,2,19950,263.0,C23 C25 C27,5,0,0,0,1,0,Miss
0,2,28.0,0,0,248740,13.0,¯\(ツ)/¯,0,0,0,0,1,1,Mr
0,2,25.0,0,0,244361,13.0,¯\(ツ)/¯,0,0,0,0,1,1,Mr
0,2,36.0,0,0,229236,13.0,¯\(ツ)/¯,0,0,0,0,1,1,Mr
1,2,24.0,0,0,248733,13.0,F33,0,0,0,0,1,0,Miss
1,2,40.0,0,0,31418,13.0,¯\(ツ)/¯,0,0,0,0,1,0,Miss
1,3,,1,0,386525,16.1,¯\(ツ)/¯,1,0,0,0,1,0,Mrs
1,3,3.0,1,1,C.A. 37671,15.9,¯\(ツ)/¯,2,0,0,0,1,1,Master
0,3,42.0,0,0,315088,8.6625,¯\(ツ)/¯,0,0,0,0,1,1,Mr
0,3,23.0,0,0,7267,9.225,¯\(ツ)/¯,0,0,0,0,1,1,Mr
0,1,,0,0,113510,35.0,C128,0,0,0,0,1,1,Mr
0,3,15.0,1,1,2695,7.2292,¯\(ツ)/¯,2,0,1,0,0,1,Mr
0,3,25.0,1,0,349237,17.8,¯\(ツ)/¯,1,0,0,0,1,1,Mr
0,3,,0,0,2647,7.225,¯\(ツ)/¯,0,0,1,0,0,1,Mr
0,3,28.0,0,0,345783,9.5,¯\(ツ)/¯,0,0,0,0,1,1,Mr
1,1,22.0,0,1,113505,55.0,E33,1,0,0,0,1,0,Miss
0,2,38.0,0,0,237671,13.0,¯\(ツ)/¯,0,0,0,0,1,0,Miss
1,3,,0,0,330931,7.8792,¯\(ツ)/¯,0,0,0,1,0,0,Miss
1,3,,0,0,330980,7.8792,¯\(ツ)/¯,0,0,0,1,0,0,Miss
0,3,40.0,1,4,347088,27.9,¯\(ツ)/¯,5,0,0,0,1,1,Mr
0,2,29.0,1,0,SC/PARIS 2167,27.7208,¯\(ツ)/¯,1,0,1,0,0,1,Mr
0,3,45.0,0,1,2691,14.4542,¯\(ツ)/¯,1,0,1,0,0,0,Mrs
0,3,35.0,0,0,SOTON/O.Q. 3101310,7.05,¯\(ツ)/¯,0,0,0,0,1,1,Mr
0,3,,1,0,370365,15.5,¯\(ツ)/¯,1,0,0,1,0,1,Mr
0,3,30.0,0,0,C 7076,7.25,¯\(ツ)/¯,0,0,0,0,1,1,Mr
1,1,60.0,1,0,110813,75.25,D37,1,0,1,0,0,0,Mrs
1,3,,0,0,2626,7.2292,¯\(ツ)/¯,0,0,1,0,0,0,Mrs
1,3,,0,0,14313,7.75,¯\(ツ)/¯,0,0,0,1,0,0,Miss
1,1,24.0,0,0,PC 17477,69.3,B35,0,0,1,0,0,0,Mme
1,1,25.0,1,0,11765,55.4417,E50,1,0,1,0,0,1,Mr
0,3,18.0,1,0,3101267,6.4958,¯\(ツ)/¯,1,0,0,0,1,1,Mr
0,3,19.0,0,0,323951,8.05,¯\(ツ)/¯,0,0,0,0,1,1,Mr
0,1,22.0,0,0,PC 17760,135.6333,¯\(ツ)/¯,0,0,1,0,0,1,Mr
0,3,3.0,3,1,349909,21.075,¯\(ツ)/¯,4,0,0,0,1,0,Miss
1,1,,1,0,PC 17604,82.1708,¯\(ツ)/¯,1,0,1,0,0,0,Mrs
1,3,22.0,0,0,C 7077,7.25,¯\(ツ)/¯,0,0,0,0,1,0,Miss
0,1,27.0,0,2,113503,211.5,C82,2,0,1,0,0,1,Mr
0,3,20.0,0,0,2648,4.0125,¯\(ツ)/¯,0,0,1,0,0,1,Mr
0,3,19.0,0,0,347069,7.775,¯\(ツ)/¯,0,0,0,0,1,1,Mr
1,1,42.0,0,0,PC 17757,227.525,¯\(ツ)/¯,0,0,1,0,0,0,Miss
1,3,1.0,0,2,2653,15.7417,¯\(ツ)/¯,2,0,1,0,0,0,Miss
0,3,32.0,0,0,STON/O 2. 3101293,7.925,¯\(ツ)/¯,0,0,0,0,1,1,Mr
1,1,35.0,1,0,113789,52.0,¯\(ツ)/¯,1,0,0,0,1,0,Mrs
0,3,,0,0,349227,7.8958,¯\(ツ)/¯,0,0,0,0,1,1,Mr
0,2,18.0,0,0,S.O.C. 14879,73.5,¯\(ツ)/¯,0,0,0,0,1,1,Mr
0,3,1.0,5,2,CA 2144,46.9,¯\(ツ)/¯,7,0,0,0,1,1,Master
1,2,36.0,0,0,27849,13.0,¯\(ツ)/¯,0,0,0,0,1,0,Miss
0,3,,0,0,367655,7.7292,¯\(ツ)/¯,0,0,0,1,0,1,Mr
1,2,17.0,0,0,SC 1748,12.0,¯\(ツ)/¯,0,0,1,0,0,0,Miss
1,1,36.0,1,2,113760,120.0,B96 B98,3,0,0,0,1,1,Mr
1,3,21.0,0,0,350034,7.7958,¯\(ツ)/¯,0,0,0,0,1,1,Mr
0,3,28.0,2,0,3101277,7.925,¯\(ツ)/¯,2,0,0,0,1,1,Mr
1,1,23.0,1,0,35273,113.275,D36,1,0,1,0,0,0,Miss
1,3,24.0,0,2,PP 9549,16.7,G6,2,0,0,0,1,0,Mrs
0,3,22.0,0,0,350052,7.7958,¯\(ツ)/¯,0,0,0,0,1,1,Mr
0,3,31.0,0,0,350407,7.8542,¯\(ツ)/¯,0,0,0,0,1,0,Miss
0,2,46.0,0,0,28403,26.0,¯\(ツ)/¯,0,0,0,0,1,1,Mr
0,2,23.0,0,0,244278,10.5,¯\(ツ)/¯,0,0,0,0,1,1,Dr
1,2,28.0,0,0,240929,12.65,¯\(ツ)/¯,0,0,0,0,1,0,Mrs
1,3,39.0,0,0,STON/O 2. 3101289,7.925,¯\(ツ)/¯,0,0,0,0,1,1,Mr
0,3,26.0,0,0,341826,8.05,¯\(ツ)/¯,0,0,0,0,1,1,Mr
0,3,21.0,1,0,4137,9.825,¯\(ツ)/¯,1,0,0,0,1,0,Miss
0,3,28.0,1,0,STON/O2. 3101279,15.85,¯\(ツ)/¯,1,0,0,0,1,1,Mr
0,3,20.0,0,0,315096,8.6625,¯\(ツ)/¯,0,0,0,0,1,0,Miss
0,2,34.0,1,0,28664,21.0,¯\(ツ)/¯,1,0,0,0,1,1,Mr
0,3,51.0,0,0,347064,7.75,¯\(ツ)/¯,0,0,0,0,1,1,Mr
1,2,3.0,1,1,29106,18.75,¯\(ツ)/¯,2,0,0,0,1,1,Master
0,3,21.0,0,0,312992,7.775,¯\(ツ)/¯,0,0,0,0,1,1,Mr
0,3,,3,1,4133,25.4667,¯\(ツ)/¯,4,0,0,0,1,0,Miss
0,3,,0,0,349222,7.8958,¯\(ツ)/¯,0,0,0,0,1,1,Mr
0,3,,0,0,394140,6.8583,¯\(ツ)/¯,0,0,0,1,0,1,Mr
1,1,33.0,1,0,19928,90.0,C78,1,0,0,1,0,0,Miss
0,2,,0,0,239853,0.0,¯\(ツ)/¯,0,0,0,0,1,1,Mr
1,3,44.0,0,0,STON/O 2. 3101269,7.925,¯\(ツ)/¯,0,0,0,0,1,1,Mr
0,3,,0,0,343095,8.05,¯\(ツ)/¯,0,0,0,0,1,0,Mrs
1,2,34.0,1,1,28220,32.5,¯\(ツ)/¯,2,0,0,0,1,0,Mrs
1,2,18.0,0,2,250652,13.0,¯\(ツ)/¯,2,0,0,0,1,0,Miss
0,2,30.0,0,0,28228,13.0,¯\(ツ)/¯,0,0,0,0,1,1,Mr
0,3,10.0,0,2,345773,24.15,¯\(ツ)/¯,2,0,0,0,1,0,Miss
0,3,,0,0,349254,7.8958,¯\(ツ)/¯,0,0,1,0,0,1,Mr
0,3,21.0,0,0,A/5. 13032,7.7333,¯\(ツ)/¯,0,0,0,1,0,1,Mr
0,3,29.0,0,0,315082,7.875,¯\(ツ)/¯,0,0,0,0,1,1,Mr
0,3,28.0,1,1,347080,14.4,¯\(ツ)/¯,2,0,0,0,1,0,Mrs
0,3,18.0,1,1,370129,20.2125,¯\(ツ)/¯,2,0,0,0,1,1,Mr
0,3,,0,0,A/4. 34244,7.25,¯\(ツ)/¯,0,0,0,0,1,1,Mr
1,2,28.0,1,0,2003,26.0,¯\(ツ)/¯,1,0,0,0,1,0,Mrs
1,2,19.0,0,0,250655,26.0,¯\(ツ)/¯,0,0,0,0,1,0,Miss
0,3,,0,0,364851,7.75,¯\(ツ)/¯,0,0,0,1,0,1,Mr
1,3,32.0,0,0,SOTON/O.Q. 392078,8.05,E10,0,0,0,0,1,1,Mr
1,1,28.0,0,0,110564,26.55,C52,0,0,0,0,1,1,Mr
1,3,,1,0,376564,16.1,¯\(ツ)/¯,1,0,0,0,1,0,Mrs
1,2,42.0,1,0,SC/AH 3085,26.0,¯\(ツ)/¯,1,0,0,0,1,0,Mrs
0,3,17.0,0,0,STON/O 2. 3101274,7.125,¯\(ツ)/¯,0,0,0,0,1,1,Mr
0,1,50.0,1,0,13507,55.9,E44,1,0,0,0,1,1,Mr
1,1,14.0,1,2,113760,120.0,B96 B98,3,0,0,0,1,0,Miss
0,3,21.0,2,2,W./C. 6608,34.375,¯\(ツ)/¯,4,0,0,0,1,0,Miss
1,2,24.0,2,3,29106,18.75,¯\(ツ)/¯,5,0,0,0,1,0,Mrs
0,1,64.0,1,4,19950,263.0,C23 C25 C27,5,0,0,0,1,1,Mr
0,2,31.0,0,0,C.A. 18723,10.5,¯\(ツ)/¯,0,0,0,0,1,1,Mr
1,2,45.0,1,1,F.C.C. 13529,26.25,¯\(ツ)/¯,2,0,0,0,1,0,Mrs
0,3,20.0,0,0,345769,9.5,¯\(ツ)/¯,0,0,0,0,1,1,Mr
0,3,25.0,1,0,347076,7.775,¯\(ツ)/¯,1,0,0,0,1,1,Mr
1,2,28.0,0,0,230434,13.0,¯\(ツ)/¯,0,0,0,0,1,0,Ms
1,3,,0,0,65306,8.1125,¯\(ツ)/¯,0,0,0,0,1,1,Mr
1,1,4.0,0,2,33638,81.8583,A34,2,0,0,0,1,1,Master
1,2,13.0,0,1,250644,19.5,¯\(ツ)/¯,1,0,0,0,1,0,Miss
1,1,34.0,0,0,113794,26.55,¯\(ツ)/¯,0,0,0,0,1,1,Mr
1,3,5.0,2,1,2666,19.2583,¯\(ツ)/¯,3,0,1,0,0,0,Miss
1,1,52.0,0,0,113786,30.5,C104,0,0,0,0,1,1,Major
0,2,36.0,1,2,C.A. 34651,27.75,¯\(ツ)/¯,3,0,0,0,1,1,Mr
0,3,,1,0,65303,19.9667,¯\(ツ)/¯,1,0,0,0,1,1,Mr
0,1,30.0,0,0,113051,27.75,C111,0,0,1,0,0,1,Mr
1,1,49.0,1,0,17453,89.1042,C92,1,0,1,0,0,1,Mr
0,3,,0,0,A/5 2817,8.05,¯\(ツ)/¯,0,0,0,0,1,1,Mr
1,3,29.0,0,0,349240,7.8958,¯\(ツ)/¯,0,0,1,0,0,1,Mr
0,1,65.0,0,0,13509,26.55,E38,0,0,0,0,1,1,Mr
1,1,,1,0,17464,51.8625,D21,1,0,0,0,1,0,Mrs
1,2,50.0,0,0,F.C.C. 13531,10.5,¯\(ツ)/¯,0,0,0,0,1,0,Miss
0,3,,0,0,371060,7.75,¯\(ツ)/¯,0,0,0,1,0,1,Mr
1,1,48.0,0,0,19952,26.55,E12,0,0,0,0,1,1,Mr
0,3,34.0,0,0,364506,8.05,¯\(ツ)/¯,0,0,0,0,1,1,Mr
0,1,47.0,0,0,111320,38.5,E63,0,0,0,0,1,1,Mr
0,2,48.0,0,0,234360,13.0,¯\(ツ)/¯,0,0,0,0,1,1,Mr
0,3,,0,0,A/S 2816,8.05,¯\(ツ)/¯,0,0,0,0,1,1,Mr
0,3,38.0,0,0,SOTON/O.Q. 3101306,7.05,¯\(ツ)/¯,0,0,0,0,1,1,Mr
0,2,,0,0,239853,0.0,¯\(ツ)/¯,0,0,0,0,1,1,Mr
0,1,56.0,0,0,113792,26.55,¯\(ツ)/¯,0,0,0,0,1,1,Mr
0,3,,0,0,36209,7.725,¯\(ツ)/¯,0,0,0,1,0,1,Mr
1,3,0.75,2,1,2666,19.2583,¯\(ツ)/¯,3,0,1,0,0,0,Miss
0,3,,0,0,323592,7.25,¯\(ツ)/¯,0,0,0,0,1,1,Mr
0,3,38.0,0,0,315089,8.6625,¯\(ツ)/¯,0,0,0,0,1,1,Mr
1,2,33.0,1,2,C.A. 34651,27.75,¯\(ツ)/¯,3,0,0,0,1,0,Mrs
1,2,23.0,0,0,SC/AH Basle 541,13.7917,D,0,0,1,0,0,0,Mrs
0,3,22.0,0,0,7553,9.8375,¯\(ツ)/¯,0,0,0,0,1,0,Miss
0,1,,0,0,110465,52.0,A14,0,0,0,0,1,1,Mr
0,2,34.0,1,0,31027,21.0,¯\(ツ)/¯,1,0,0,0,1,1,Mr
0,3,29.0,1,0,3460,7.0458,¯\(ツ)/¯,1,0,0,0,1,1,Mr
0,3,22.0,0,0,350060,7.5208,¯\(ツ)/¯,0,0,0,0,1,1,Mr
1,3,2.0,0,1,3101298,12.2875,¯\(ツ)/¯,1,0,0,0,1,0,Miss
0,3,9.0,5,2,CA 2144,46.9,¯\(ツ)/¯,7,0,0,0,1,1,Master
0,2,,0,0,239854,0.0,¯\(ツ)/¯,0,0,0,0,1,1,Mr
0,3,50.0,0,0,A/5 3594,8.05,¯\(ツ)/¯,0,0,0,0,1,1,Mr
1,3,63.0,0,0,4134,9.5875,¯\(ツ)/¯,0,0,0,0,1,0,Mrs
1,1,25.0,1,0,11967,91.0792,B49,1,0,1,0,0,1,Mr
0,3,,3,1,4133,25.4667,¯\(ツ)/¯,4,0,0,0,1,0,Miss
1,1,35.0,1,0,19943,90.0,C93,1,0,0,0,1,0,Mrs
0,1,58.0,0,0,11771,29.7,B37,0,0,1,0,0,1,Mr
0,3,30.0,0,0,A.5. 18509,8.05,¯\(ツ)/¯,0,0,0,0,1,1,Mr
1,3,9.0,1,1,C.A. 37671,15.9,¯\(ツ)/¯,2,0,0,0,1,1,Master
0,3,,1,0,65304,19.9667,¯\(ツ)/¯,1,0,0,0,1,1,Mr
0,3,21.0,0,0,SOTON/OQ 3101317,7.25,¯\(ツ)/¯,0,0,0,0,1,1,Mr
0,1,55.0,0,0,113787,30.5,C30,0,0,0,0,1,1,Mr
0,1,71.0,0,0,PC 17609,49.5042,¯\(ツ)/¯,0,0,1,0,0,1,Mr
0,3,21.0,0,0,A/4 45380,8.05,¯\(ツ)/¯,0,0,0,0,1,1,Mr
0,3,,0,0,2627,14.4583,¯\(ツ)/¯,0,0,1,0,0,1,Mr
1,1,54.0,1,0,36947,78.2667,D20,1,0,1,0,0,0,Miss
0,3,,0,0,C.A. 6212,15.1,¯\(ツ)/¯,0,0,0,0,1,1,Mr
0,1,25.0,1,2,113781,151.55,C22 C26,3,0,0,0,1,0,Mrs
0,3,24.0,0,0,350035,7.7958,¯\(ツ)/¯,0,0,0,0,1,1,Mr
0,3,17.0,0,0,315086,8.6625,¯\(ツ)/¯,0,0,0,0,1,1,Mr
0,3,21.0,0,0,364846,7.75,¯\(ツ)/¯,0,0,0,1,0,0,Miss
0,3,,0,0,330909,7.6292,¯\(ツ)/¯,0,0,0,1,0,0,Miss
0,3,37.0,0,0,4135,9.5875,¯\(ツ)/¯,0,0,0,0,1,0,Miss
1,1,16.0,0,0,110152,86.5,B79,0,0,0,0,1,0,Miss
0,1,18.0,1,0,PC 17758,108.9,C65,1,0,1,0,0,1,Mr
1,2,33.0,0,2,26360,26.0,¯\(ツ)/¯,2,0,0,0,1,0,Mrs
1,1,,0,0,111427,26.55,¯\(ツ)/¯,0,0,0,0,1,1,Mr
0,3,28.0,0,0,C 4001,22.525,¯\(ツ)/¯,0,0,0,0,1,1,Mr
1,3,26.0,0,0,1601,56.4958,¯\(ツ)/¯,0,0,0,0,1,1,Mr
1,3,29.0,0,0,382651,7.75,¯\(ツ)/¯,0,0,0,1,0,1,Mr
0,3,,0,0,SOTON/OQ 3101316,8.05,¯\(ツ)/¯,0,0,0,0,1,1,Mr
1,1,36.0,0,0,PC 17473,26.2875,E25,0,0,0,0,1,1,Mr
1,1,54.0,1,0,PC 17603,59.4,¯\(ツ)/¯,1,0,1,0,0,0,Mrs
0,3,24.0,0,0,349209,7.4958,¯\(ツ)/¯,0,0,0,0,1,1,Mr
0,1,47.0,0,0,36967,34.0208,D46,0,0,0,0,1,1,Mr
1,2,34.0,0,0,C.A. 34260,10.5,F33,0,0,0,0,1,0,Mrs
0,3,,0,0,371110,24.15,¯\(ツ)/¯,0,0,0,1,0,1,Mr
1,2,36.0,1,0,226875,26.0,¯\(ツ)/¯,1,0,0,0,1,0,Mrs
0,3,32.0,0,0,349242,7.8958,¯\(ツ)/¯,0,0,0,0,1,1,Mr
1,1,30.0,0,0,12749,93.5,B73,0,0,0,0,1,0,Miss
0,3,22.0,0,0,349252,7.8958,¯\(ツ)/¯,0,0,0,0,1,1,Mr
0,3,,0,0,2624,7.225,¯\(ツ)/¯,0,0,1,0,0,1,Mr
1,1,44.0,0,1,111361,57.9792,B18,1,0,1,0,0,0,Mrs
0,3,,0,0,2700,7.2292,¯\(ツ)/¯,0,0,1,0,0,1,Mr
0,3,40.5,0,0,367232,7.75,¯\(ツ)/¯,0,0,0,1,0,1,Mr
1,2,50.0,0,0,W./C. 14258,10.5,¯\(ツ)/¯,0,0,0,0,1,0,Miss
0,1,,0,0,PC 17483,221.7792,C95,0,0,0,0,1,1,Mr
0,3,39.0,0,0,3101296,7.925,¯\(ツ)/¯,0,0,0,0,1,1,Mr
0,2,23.0,2,1,29104,11.5,¯\(ツ)/¯,3,0,0,0,1,1,Mr
1,2,2.0,1,1,26360,26.0,¯\(ツ)/¯,2,0,0,0,1,0,Miss
0,3,,0,0,2641,7.2292,¯\(ツ)/¯,0,0,1,0,0,1,Mr
0,3,17.0,1,1,2690,7.2292,¯\(ツ)/¯,2,0,1,0,0,1,Mr
1,3,,0,2,2668,22.3583,¯\(ツ)/¯,2,0,1,0,0,0,Mrs
0,3,30.0,0,0,315084,8.6625,¯\(ツ)/¯,0,0,0,0,1,0,Miss
1,2,7.0,0,2,F.C.C. 13529,26.25,¯\(ツ)/¯,2,0,0,0,1,0,Miss
0,1,45.0,0,0,113050,26.55,B38,0,0,0,0,1,1,Major
1,1,30.0,0,0,PC 17761,106.425,¯\(ツ)/¯,0,0,1,0,0,0,Miss
0,3,,0,0,364498,14.5,¯\(ツ)/¯,0,0,0,0,1,1,Mr
1,1,22.0,0,2,13568,49.5,B39,2,0,1,0,0,0,Miss
1,1,36.0,0,2,WE/P 5735,71.0,B22,2,0,0,0,1,0,Miss
0,3,9.0,4,2,347082,31.275,¯\(ツ)/¯,6,0,0,0,1,0,Miss
0,3,11.0,4,2,347082,31.275,¯\(ツ)/¯,6,0,0,0,1,0,Miss
1,2,32.0,1,0,2908,26.0,¯\(ツ)/¯,1,0,0,0,1,1,Mr
0,1,50.0,1,0,PC 17761,106.425,C86,1,0,1,0,0,1,Mr
0,1,64.0,0,0,693,26.0,¯\(ツ)/¯,0,0,0,0,1,1,Mr
1,2,19.0,1,0,2908,26.0,¯\(ツ)/¯,1,0,0,0,1,0,Mrs
1,2,,0,0,SC/PARIS 2146,13.8625,¯\(ツ)/¯,0,0,1,0,0,1,Mr
0,3,33.0,1,1,363291,20.525,¯\(ツ)/¯,2,0,0,0,1,1,Mr
1,2,8.0,1,1,C.A. 33112,36.75,¯\(ツ)/¯,2,0,0,0,1,1,Master
1,1,17.0,0,2,17421,110.8833,C70,2,0,1,0,0,1,Mr
0,2,27.0,0,0,244358,26.0,¯\(ツ)/¯,0,0,0,0,1,1,Mr
0,3,,0,0,330979,7.8292,¯\(ツ)/¯,0,0,0,1,0,1,Mr
1,3,22.0,0,0,2620,7.225,¯\(ツ)/¯,0,0,1,0,0,1,Mr
1,3,22.0,0,0,347085,7.775,¯\(ツ)/¯,0,0,0,0,1,0,Miss
0,1,62.0,0,0,113807,26.55,¯\(ツ)/¯,0,0,0,0,1,1,Mr
1,1,48.0,1,0,11755,39.6,A16,1,0,1,0,0,0,Lady
0,1,,0,0,PC 17757,227.525,¯\(ツ)/¯,0,0,1,0,0,1,Mr
1,1,39.0,1,1,110413,79.65,E67,2,0,0,0,1,0,Mrs
1,3,36.0,1,0,345572,17.4,¯\(ツ)/¯,1,0,0,0,1,0,Mrs
0,3,,0,0,372622,7.75,¯\(ツ)/¯,0,0,0,1,0,1,Mr
0,3,40.0,0,0,349251,7.8958,¯\(ツ)/¯,0,0,0,0,1,1,Mr
0,2,28.0,0,0,218629,13.5,¯\(ツ)/¯,0,0,0,0,1,1,Mr
0,3,,0,0,SOTON/OQ 392082,8.05,¯\(ツ)/¯,0,0,0,0,1,1,Mr
0,3,,0,0,SOTON/O.Q. 392087,8.05,¯\(ツ)/¯,0,0,0,0,1,0,Miss
0,3,24.0,2,0,A/4 48871,24.15,¯\(ツ)/¯,2,0,0,0,1,1,Mr
0,3,19.0,0,0,349205,7.8958,¯\(ツ)/¯,0,0,0,0,1,1,Mr
0,3,29.0,0,4,349909,21.075,¯\(ツ)/¯,4,0,0,0,1,0,Mrs
0,3,,0,0,2686,7.2292,¯\(ツ)/¯,0,0,1,0,0,1,Mr
1,3,32.0,0,0,350417,7.8542,¯\(ツ)/¯,0,0,0,0,1,1,Mr
1,2,62.0,0,0,S.W./PP 752,10.5,¯\(ツ)/¯,0,0,0,0,1,1,Mr
1,1,53.0,2,0,11769,51.4792,C101,2,0,0,0,1,0,Mrs
1,1,36.0,0,0,PC 17474,26.3875,E25,0,0,0,0,1,1,Mr
1,3,,0,0,14312,7.75,¯\(ツ)/¯,0,0,0,1,0,0,Miss
0,3,16.0,0,0,A/4. 20589,8.05,¯\(ツ)/¯,0,0,0,0,1,1,Mr
0,3,19.0,0,0,358585,14.5,¯\(ツ)/¯,0,0,0,0,1,1,Mr
1,2,34.0,0,0,243880,13.0,¯\(ツ)/¯,0,0,0,0,1,0,Miss
1,1,39.0,1,0,13507,55.9,E44,1,0,0,0,1,0,Mrs
0,3,,1,0,2689,14.4583,¯\(ツ)/¯,1,0,1,0,0,0,Mrs
1,3,32.0,0,0,STON/O 2. 3101286,7.925,¯\(ツ)/¯,0,0,0,0,1,1,Mr
1,2,25.0,1,1,237789,30.0,¯\(ツ)/¯,2,0,0,0,1,0,Miss
1,1,39.0,1,1,17421,110.8833,C68,2,0,1,0,0,0,Mrs
0,2,54.0,0,0,28403,26.0,¯\(ツ)/¯,0,0,0,0,1,1,Mr
0,1,36.0,0,0,13049,40.125,A10,0,0,1,0,0,1,Mr
0,3,,0,0,3411,8.7125,¯\(ツ)/¯,0,0,1,0,0,1,Mr
1,1,18.0,0,2,110413,79.65,E68,2,0,0,0,1,0,Miss
0,2,47.0,0,0,237565,15.0,¯\(ツ)/¯,0,0,0,0,1,1,Mr
1,1,60.0,1,1,13567,79.2,B41,2,0,1,0,0,1,Mr
0,3,22.0,0,0,14973,8.05,¯\(ツ)/¯,0,0,0,0,1,1,Mr
0,3,,0,0,A./5. 3235,8.05,¯\(ツ)/¯,0,0,0,0,1,1,Mr
0,3,35.0,0,0,STON/O 2. 3101273,7.125,¯\(ツ)/¯,0,0,0,0,1,1,Mr
1,1,52.0,1,0,36947,78.2667,D20,1,0,1,0,0,0,Mrs
0,3,47.0,0,0,A/5 3902,7.25,¯\(ツ)/¯,0,0,0,0,1,1,Mr
0,3,,0,2,364848,7.75,¯\(ツ)/¯,2,0,0,1,0,0,Miss
0,2,37.0,1,0,SC/AH 29037,26.0,¯\(ツ)/¯,1,0,0,0,1,1,Mr
0,3,36.0,1,1,345773,24.15,¯\(ツ)/¯,2,0,0,0,1,1,Mr
1,2,,0,0,248727,33.0,¯\(ツ)/¯,0,0,0,0,1,0,Miss
0,3,49.0,0,0,LINE,0.0,¯\(ツ)/¯,0,0,0,0,1,1,Mr
0,3,,0,0,2664,7.225,¯\(ツ)/¯,0,0,1,0,0,1,Mr
1,1,49.0,1,0,PC 17485,56.9292,A20,1,0,1,0,0,1,Sir
1,2,24.0,2,1,243847,27.0,¯\(ツ)/¯,3,0,0,0,1,0,Mrs
0,3,,0,0,349214,7.8958,¯\(ツ)/¯,0,0,0,0,1,1,Mr
0,1,,0,0,113796,42.4,¯\(ツ)/¯,0,0,0,0,1,1,Mr
0,3,44.0,0,0,364511,8.05,¯\(ツ)/¯,0,0,0,0,1,1,Mr
1,1,35.0,0,0,111426,26.55,¯\(ツ)/¯,0,0,1,0,0,1,Mr
0,3,36.0,1,0,349910,15.55,¯\(ツ)/¯,1,0,0,0,1,1,Mr
0,3,30.0,0,0,349246,7.8958,¯\(ツ)/¯,0,0,0,0,1,1,Mr
1,1,27.0,0,0,113804,30.5,¯\(ツ)/¯,0,0,0,0,1,1,Mr
1,2,22.0,1,2,SC/Paris 2123,41.5792,¯\(ツ)/¯,3,0,1,0,0,0,Mrs
1,1,40.0,0,0,PC 17582,153.4625,C125,0,0,0,0,1,0,Miss
0,3,39.0,1,5,347082,31.275,¯\(ツ)/¯,6,0,0,0,1,0,Mrs
0,3,,0,0,SOTON/O.Q. 3101305,7.05,¯\(ツ)/¯,0,0,0,0,1,1,Mr
1,3,,1,0,367230,15.5,¯\(ツ)/¯,1,0,0,1,0,0,Miss
0,3,,0,0,370377,7.75,¯\(ツ)/¯,0,0,0,1,0,1,Mr
0,3,35.0,0,0,364512,8.05,¯\(ツ)/¯,0,0,0,0,1,1,Mr
1,2,24.0,1,2,220845,65.0,¯\(ツ)/¯,3,0,0,0,1,0,Miss
0,3,34.0,1,1,347080,14.4,¯\(ツ)/¯,2,0,0,0,1,1,Mr
0,3,26.0,1,0,A/5. 3336,16.1,¯\(ツ)/¯,1,0,0,0,1,0,Mrs
1,2,4.0,2,1,230136,39.0,F4,3,0,0,0,1,0,Miss
0,2,26.0,0,0,31028,10.5,¯\(ツ)/¯,0,0,0,0,1,1,Mr
0,3,27.0,1,0,2659,14.4542,¯\(ツ)/¯,1,0,1,0,0,1,Mr
1,1,42.0,1,0,11753,52.5542,D19,1,0,0,0,1,1,Mr
1,3,20.0,1,1,2653,15.7417,¯\(ツ)/¯,2,0,1,0,0,1,Mr
0,3,21.0,0,0,350029,7.8542,¯\(ツ)/¯,0,0,0,0,1,1,Mr
0,3,21.0,0,0,54636,16.1,¯\(ツ)/¯,0,0,0,0,1,1,Mr
0,1,61.0,0,0,36963,32.3208,D50,0,0,0,0,1,1,Mr
0,2,57.0,0,0,219533,12.35,¯\(ツ)/¯,0,1,0,1,0,1,Rev
1,1,21.0,0,0,13502,77.9583,D9,0,0,0,0,1,0,Miss
0,3,26.0,0,0,349224,7.8958,¯\(ツ)/¯,0,0,0,0,1,1,Mr
0,3,,0,0,334912,7.7333,¯\(ツ)/¯,0,0,0,1,0,1,Mr
1,1,80.0,0,0,27042,30.0,A23,0,0,0,0,1,1,Mr
0,3,51.0,0,0,347743,7.0542,¯\(ツ)/¯,0,0,0,0,1,1,Mr
1,1,32.0,0,0,13214,30.5,B50,0,0,1,0,0,1,Dr
0,1,,0,0,112052,0.0,¯\(ツ)/¯,0,0,0,0,1,1,Mr
0,3,9.0,3,2,347088,27.9,¯\(ツ)/¯,5,0,0,0,1,0,Miss
1,2,28.0,0,0,237668,13.0,¯\(ツ)/¯,0,0,0,0,1,0,Miss
0,3,32.0,0,0,STON/O 2. 3101292,7.925,¯\(ツ)/¯,0,0,0,0,1,1,Mr
0,2,31.0,1,1,C.A. 31921,26.25,¯\(ツ)/¯,2,0,0,0,1,1,Mr
0,3,41.0,0,5,3101295,39.6875,¯\(ツ)/¯,5,0,0,0,1,0,Mrs
0,3,,1,0,376564,16.1,¯\(ツ)/¯,1,0,0,0,1,1,Mr
0,3,20.0,0,0,350050,7.8542,¯\(ツ)/¯,0,0,0,0,1,1,Mr
1,1,24.0,0,0,PC 17477,69.3,B35,0,0,1,0,0,0,Mlle
0,3,2.0,3,2,347088,27.9,¯\(ツ)/¯,5,0,0,0,1,0,Miss
1,3,,0,0,1601,56.4958,¯\(ツ)/¯,0,0,0,0,1,1,Mr
1,3,0.75,2,1,2666,19.2583,¯\(ツ)/¯,3,0,1,0,0,0,Miss
1,1,48.0,1,0,PC 17572,76.7292,D33,1,0,1,0,0,1,Mr
0,3,19.0,0,0,349231,7.8958,¯\(ツ)/¯,0,0,0,0,1,1,Mr
1,1,56.0,0,0,13213,35.5,A26,0,0,1,0,0,1,Col
0,3,,0,0,S.O./P.P. 751,7.55,¯\(ツ)/¯,0,0,0,0,1,1,Mr
1,3,23.0,0,0,CA. 2314,7.55,¯\(ツ)/¯,0,0,0,0,1,0,Miss
0,3,,0,0,349221,7.8958,¯\(ツ)/¯,0,0,0,0,1,1,Mr
1,2,18.0,0,1,231919,23.0,¯\(ツ)/¯,1,0,0,0,1,0,Miss
0,3,21.0,0,0,8475,8.4333,¯\(ツ)/¯,0,0,0,0,1,1,Mr
1,3,,0,0,330919,7.8292,¯\(ツ)/¯,0,0,0,1,0,0,Miss
0,3,18.0,0,0,365226,6.75,¯\(ツ)/¯,0,0,0,1,0,0,Miss
0,2,24.0,2,0,S.O.C. 14879,73.5,¯\(ツ)/¯,2,0,0,0,1,1,Mr
0,3,,0,0,349223,7.8958,¯\(ツ)/¯,0,0,0,0,1,1,Mr
0,3,32.0,1,1,364849,15.5,¯\(ツ)/¯,2,0,0,1,0,0,Mrs
0,2,23.0,0,0,29751,13.0,¯\(ツ)/¯,0,0,0,0,1,1,Mr
0,1,58.0,0,2,35273,113.275,D48,2,0,1,0,0,1,Mr
1,1,50.0,2,0,PC 17611,133.65,¯\(ツ)/¯,2,0,0,0,1,1,Dr
0,3,40.0,0,0,2623,7.225,¯\(ツ)/¯,0,0,1,0,0,1,Mr
0,1,47.0,0,0,5727,25.5875,E58,0,0,0,0,1,1,Mr
0,3,36.0,0,0,349210,7.4958,¯\(ツ)/¯,0,0,0,0,1,1,Mr
1,3,20.0,1,0,STON/O 2. 3101285,7.925,¯\(ツ)/¯,1,0,0,0,1,1,Mr
0,2,32.0,2,0,S.O.C. 14879,73.5,¯\(ツ)/¯,2,0,0,0,1,1,Mr
0,2,25.0,0,0,234686,13.0,¯\(ツ)/¯,0,0,0,0,1,1,Mr
0,3,,0,0,312993,7.775,¯\(ツ)/¯,0,0,0,0,1,1,Mr
0,3,43.0,0,0,A/5 3536,8.05,¯\(ツ)/¯,0,0,0,0,1,1,Mr
1,1,,1,0,19996,52.0,C126,1,0,0,0,1,0,Mrs
1,2,40.0,1,1,29750,39.0,¯\(ツ)/¯,2,0,0,0,1,0,Mrs
0,1,31.0,1,0,F.C. 12750,52.0,B71,1,0,0,0,1,1,Mr
0,2,70.0,0,0,C.A. 24580,10.5,¯\(ツ)/¯,0,0,0,0,1,1,Mr
1,2,31.0,0,0,244270,13.0,¯\(ツ)/¯,0,0,0,0,1,1,Mr
0,2,,0,0,239856,0.0,¯\(ツ)/¯,0,0,0,0,1,1,Mr
0,3,18.0,0,0,349912,7.775,¯\(ツ)/¯,0,0,0,0,1,1,Mr
0,3,24.5,0,0,342826,8.05,¯\(ツ)/¯,0,0,0,0,1,1,Mr
1,3,18.0,0,0,4138,9.8417,¯\(ツ)/¯,0,0,0,0,1,0,Miss
0,3,43.0,1,6,CA 2144,46.9,¯\(ツ)/¯,7,0,0,0,1,0,Mrs
1,1,36.0,0,1,PC 17755,512.3292,B51 B53 B55,1,0,1,0,0,1,Mr
0,3,,0,0,330935,8.1375,¯\(ツ)/¯,0,0,0,1,0,0,Miss
1,1,27.0,0,0,PC 17572,76.7292,D49,0,0,1,0,0,1,Mr
0,3,20.0,0,0,6563,9.225,¯\(ツ)/¯,0,0,0,0,1,1,Mr
0,3,14.0,5,2,CA 2144,46.9,¯\(ツ)/¯,7,0,0,0,1,1,Mr
0,2,60.0,1,1,29750,39.0,¯\(ツ)/¯,2,0,0,0,1,1,Mr
0,2,25.0,1,2,SC/Paris 2123,41.5792,¯\(ツ)/¯,3,0,1,0,0,1,Mr
0,3,14.0,4,1,3101295,39.6875,¯\(ツ)/¯,5,0,0,0,1,1,Mr
0,3,19.0,0,0,349228,10.1708,¯\(ツ)/¯,0,0,0,0,1,1,Mr
0,3,18.0,0,0,350036,7.7958,¯\(ツ)/¯,0,0,0,0,1,1,Mr
1,1,15.0,0,1,24160,211.3375,B5,1,0,0,0,1,0,Miss
1,1,31.0,1,0,17474,57.0,B20,1,0,0,0,1,1,Mr
1,3,4.0,0,1,349256,13.4167,¯\(ツ)/¯,1,0,1,0,0,0,Miss
1,3,,0,0,1601,56.4958,¯\(ツ)/¯,0,0,0,0,1,1,Mr
0,3,25.0,0,0,2672,7.225,¯\(ツ)/¯,0,0,1,0,0,1,Mr
0,1,60.0,0,0,113800,26.55,¯\(ツ)/¯,0,0,0,0,1,1,Col
0,2,52.0,0,0,248731,13.5,¯\(ツ)/¯,0,0,0,0,1,1,Mr
0,3,44.0,0,0,363592,8.05,¯\(ツ)/¯,0,0,0,0,1,1,Mr
1,3,,0,0,35852,7.7333,¯\(ツ)/¯,0,0,0,1,0,0,Miss
0,1,49.0,1,1,17421,110.8833,C68,2,0,1,0,0,1,Mr
0,3,42.0,0,0,348121,7.65,F G63,0,0,0,0,1,1,Mr
1,1,18.0,1,0,PC 17757,227.525,C62 C64,1,0,1,0,0,0,Mrs
1,1,35.0,0,0,PC 17475,26.2875,E24,0,0,0,0,1,1,Mr
0,3,18.0,0,1,2691,14.4542,¯\(ツ)/¯,1,0,1,0,0,0,Miss
0,3,25.0,0,0,36864,7.7417,¯\(ツ)/¯,0,0,0,1,0,1,Mr
0,3,26.0,1,0,350025,7.8542,¯\(ツ)/¯,1,0,0,0,1,1,Mr
0,2,39.0,0,0,250655,26.0,¯\(ツ)/¯,0,0,0,0,1,1,Mr
1,2,45.0,0,0,223596,13.5,¯\(ツ)/¯,0,0,0,0,1,0,Mrs
1,1,42.0,0,0,PC 17476,26.2875,E24,0,0,0,0,1,1,Mr
1,1,22.0,0,0,113781,151.55,¯\(ツ)/¯,0,0,0,0,1,0,Miss
1,3,,1,1,2661,15.2458,¯\(ツ)/¯,2,0,1,0,0,1,Master
1,1,24.0,0,0,PC 17482,49.5042,C90,0,0,1,0,0,0,Mlle
0,1,,0,0,113028,26.55,C124,0,0,0,0,1,1,Mr
1,1,48.0,1,0,19996,52.0,C126,1,0,0,0,1,1,Mr
0,3,29.0,0,0,7545,9.4833,¯\(ツ)/¯,0,0,0,0,1,1,Mr
0,2,52.0,0,0,250647,13.0,¯\(ツ)/¯,0,0,0,0,1,1,Mr
0,3,19.0,0,0,348124,7.65,F G73,0,0,0,0,1,1,Mr
1,1,38.0,0,0,PC 17757,227.525,C45,0,0,1,0,0,0,Miss
1,2,27.0,0,0,34218,10.5,E101,0,0,0,0,1,0,Miss
0,3,,0,0,36568,15.5,¯\(ツ)/¯,0,0,0,1,0,1,Mr
0,3,33.0,0,0,347062,7.775,¯\(ツ)/¯,0,0,0,0,1,1,Mr
1,2,6.0,0,1,248727,33.0,¯\(ツ)/¯,1,0,0,0,1,0,Miss
0,3,17.0,1,0,350048,7.0542,¯\(ツ)/¯,1,0,0,0,1,1,Mr
0,2,34.0,0,0,12233,13.0,¯\(ツ)/¯,0,0,0,0,1,1,Mr
0,2,50.0,0,0,250643,13.0,¯\(ツ)/¯,0,0,0,0,1,1,Mr
1,1,27.0,1,0,113806,53.1,E8,1,0,0,0,1,1,Mr
0,3,20.0,0,0,315094,8.6625,¯\(ツ)/¯,0,0,0,0,1,1,Mr
1,2,30.0,3,0,31027,21.0,¯\(ツ)/¯,3,0,0,0,1,0,Mrs
1,3,,0,0,36866,7.7375,¯\(ツ)/¯,0,0,0,1,0,0,Miss
0,2,25.0,1,0,236853,26.0,¯\(ツ)/¯,1,0,0,0,1,1,Mr
0,3,25.0,1,0,STON/O2. 3101271,7.925,¯\(ツ)/¯,1,0,0,0,1,0,Miss
1,1,29.0,0,0,24160,211.3375,B5,0,0,0,0,1,0,Miss
0,3,11.0,0,0,2699,18.7875,¯\(ツ)/¯,0,0,1,0,0,1,Mr
0,2,,0,0,239855,0.0,¯\(ツ)/¯,0,0,0,0,1,1,Mr
0,2,23.0,0,0,28425,13.0,¯\(ツ)/¯,0,0,0,0,1,1,Mr
0,2,23.0,0,0,233639,13.0,¯\(ツ)/¯,0,0,0,0,1,1,Mr
0,3,28.5,0,0,54636,16.1,¯\(ツ)/¯,0,0,0,0,1,1,Mr
0,3,48.0,1,3,W./C. 6608,34.375,¯\(ツ)/¯,4,0,0,0,1,0,Mrs
1,1,35.0,0,0,PC 17755,512.3292,B101,0,0,1,0,0,1,Mr
0,3,,0,0,349201,7.8958,¯\(ツ)/¯,0,0,0,0,1,1,Mr
0,3,,0,0,349218,7.8958,¯\(ツ)/¯,0,0,0,0,1,1,Mr
1,1,,0,0,16988,30.0,D45,0,0,0,0,1,1,Mr
0,1,36.0,1,0,19877,78.85,C46,1,0,0,0,1,1,Mr
1,1,21.0,2,2,PC 17608,262.375,B57 B59 B63 B66,4,0,1,0,0,0,Miss
0,3,24.0,1,0,376566,16.1,¯\(ツ)/¯,1,0,0,0,1,1,Mr
1,3,31.0,0,0,STON/O 2. 3101288,7.925,¯\(ツ)/¯,0,0,0,0,1,1,Mr
0,1,70.0,1,1,WE/P 5735,71.0,B22,2,0,0,0,1,1,Capt
0,3,16.0,1,1,C.A. 2673,20.25,¯\(ツ)/¯,2,0,0,0,1,1,Mr
1,2,30.0,0,0,250648,13.0,¯\(ツ)/¯,0,0,0,0,1,0,Miss
0,1,19.0,1,0,113773,53.1,D30,1,0,0,0,1,1,Mr
0,3,31.0,0,0,335097,7.75,¯\(ツ)/¯,0,0,0,1,0,1,Mr
1,2,4.0,1,1,29103,23.0,¯\(ツ)/¯,2,0,0,0,1,0,Miss
1,3,6.0,0,1,392096,12.475,E121,1,0,0,0,1,1,Master
0,3,33.0,0,0,345780,9.5,¯\(ツ)/¯,0,0,0,0,1,1,Mr
0,3,23.0,0,0,349204,7.8958,¯\(ツ)/¯,0,0,0,0,1,1,Mr
1,2,48.0,1,2,220845,65.0,¯\(ツ)/¯,3,0,0,0,1,0,Mrs
1,2,0.67,1,1,250649,14.5,¯\(ツ)/¯,2,0,0,0,1,1,Master
0,3,28.0,0,0,350042,7.7958,¯\(ツ)/¯,0,0,0,0,1,1,Mr
0,2,18.0,0,0,29108,11.5,¯\(ツ)/¯,0,0,0,0,1,1,Mr
0,3,34.0,0,0,363294,8.05,¯\(ツ)/¯,0,0,0,0,1,1,Mr
1,1,33.0,0,0,110152,86.5,B77,0,0,0,0,1,0,the Countess
0,3,,0,0,358585,14.5,¯\(ツ)/¯,0,0,0,0,1,1,Mr
0,3,41.0,0,0,SOTON/O2 3101272,7.125,¯\(ツ)/¯,0,0,0,0,1,1,Mr
1,3,20.0,0,0,2663,7.2292,¯\(ツ)/¯,0,0,1,0,0,1,Mr
1,1,36.0,1,2,113760,120.0,B96 B98,3,0,0,0,1,0,Mrs
0,3,16.0,0,0,347074,7.775,¯\(ツ)/¯,0,0,0,0,1,1,Mr
1,1,51.0,1,0,13502,77.9583,D11,1,0,0,0,1,0,Mrs
0,1,,0,0,112379,39.6,¯\(ツ)/¯,0,0,1,0,0,1,Dr
0,3,30.5,0,0,364850,7.75,¯\(ツ)/¯,0,0,0,1,0,0,Miss
0,3,,1,0,371110,24.15,¯\(ツ)/¯,1,0,0,1,0,1,Mr
0,3,32.0,0,0,8471,8.3625,¯\(ツ)/¯,0,0,0,0,1,1,Mr
0,3,24.0,0,0,345781,9.5,¯\(ツ)/¯,0,0,0,0,1,1,Mr
0,3,48.0,0,0,350047,7.8542,¯\(ツ)/¯,0,0,0,0,1,1,Mr
0,2,57.0,0,0,S.O./P.P. 3,10.5,E77,0,0,0,0,1,0,Mrs
0,3,,0,0,2674,7.225,¯\(ツ)/¯,0,0,1,0,0,1,Mr
1,2,54.0,1,3,29105,23.0,¯\(ツ)/¯,4,0,0,0,1,0,Mrs
0,3,18.0,0,0,347078,7.75,¯\(ツ)/¯,0,0,0,0,1,1,Mr
0,3,,0,0,383121,7.75,F38,0,0,0,1,0,1,Mr
1,3,5.0,0,0,364516,12.475,¯\(ツ)/¯,0,0,0,0,1,0,Miss
0,3,,0,0,36865,7.7375,¯\(ツ)/¯,0,0,0,1,0,1,Mr
1,1,43.0,0,1,24160,211.3375,B3,1,0,0,0,1,0,Mrs
1,3,13.0,0,0,2687,7.2292,¯\(ツ)/¯,0,0,1,0,0,0,Miss
1,1,17.0,1,0,17474,57.0,B20,1,0,0,0,1,0,Mrs
0,1,29.0,0,0,113501,30.0,D6,0,0,0,0,1,1,Mr
0,3,,1,2,W./C. 6607,23.45,¯\(ツ)/¯,3,0,0,0,1,1,Mr
0,3,25.0,0,0,SOTON/O.Q. 3101312,7.05,¯\(ツ)/¯,0,0,0,0,1,1,Mr
0,3,25.0,0,0,374887,7.25,¯\(ツ)/¯,0,0,0,0,1,1,Mr
1,3,18.0,0,0,3101265,7.4958,¯\(ツ)/¯,0,0,0,0,1,0,Miss
0,3,8.0,4,1,382652,29.125,¯\(ツ)/¯,5,0,0,1,0,1,Master
1,3,1.0,1,2,C.A. 2315,20.575,¯\(ツ)/¯,3,0,0,0,1,1,Master
0,1,46.0,0,0,PC 17593,79.2,B82 B84,0,0,1,0,0,1,Mr
0,3,,0,0,12460,7.75,¯\(ツ)/¯,0,0,0,1,0,1,Mr
0,2,16.0,0,0,239865,26.0,¯\(ツ)/¯,0,0,0,0,1,1,Mr
0,3,,8,2,CA. 2343,69.55,¯\(ツ)/¯,10,0,0,0,1,0,Miss
0,1,,0,0,PC 17600,30.6958,¯\(ツ)/¯,0,0,1,0,0,1,Mr
0,3,25.0,0,0,349203,7.8958,¯\(ツ)/¯,0,0,0,0,1,1,Mr
0,2,39.0,0,0,28213,13.0,¯\(ツ)/¯,0,0,0,0,1,1,Mr
1,1,49.0,0,0,17465,25.9292,D17,0,0,0,0,1,0,Dr
1,3,31.0,0,0,349244,8.6833,¯\(ツ)/¯,0,0,0,0,1,0,Mrs
0,3,30.0,0,0,2685,7.2292,¯\(ツ)/¯,0,0,1,0,0,1,Mr
0,3,30.0,1,1,345773,24.15,¯\(ツ)/¯,2,0,0,0,1,0,Mrs
0,2,34.0,0,0,250647,13.0,¯\(ツ)/¯,0,0,0,0,1,1,Mr
1,2,31.0,1,1,C.A. 31921,26.25,¯\(ツ)/¯,2,0,0,0,1,0,Mrs
1,1,11.0,1,2,113760,120.0,B96 B98,3,0,0,0,1,1,Master
1,3,0.42,0,1,2625,8.5167,¯\(ツ)/¯,1,0,1,0,0,1,Master
1,3,27.0,0,0,347089,6.975,¯\(ツ)/¯,0,0,0,0,1,1,Mr
0,3,31.0,0,0,347063,7.775,¯\(ツ)/¯,0,0,0,0,1,1,Mr
0,1,39.0,0,0,112050,0.0,A36,0,0,0,0,1,1,Mr
0,3,18.0,0,0,347087,7.775,¯\(ツ)/¯,0,0,0,0,1,0,Miss
0,2,39.0,0,0,248723,13.0,¯\(ツ)/¯,0,0,0,0,1,1,Mr
1,1,33.0,1,0,113806,53.1,E8,1,0,0,0,1,0,Mrs
0,3,26.0,0,0,3474,7.8875,¯\(ツ)/¯,0,0,0,0,1,1,Mr
0,3,39.0,0,0,A/4 48871,24.15,¯\(ツ)/¯,0,0,0,0,1,1,Mr
0,2,35.0,0,0,28206,10.5,¯\(ツ)/¯,0,0,0,0,1,1,Mr
0,3,6.0,4,2,347082,31.275,¯\(ツ)/¯,6,0,0,0,1,0,Miss
0,3,30.5,0,0,364499,8.05,¯\(ツ)/¯,0,0,0,0,1,1,Mr
0,1,,0,0,112058,0.0,B102,0,0,0,0,1,1,Mr
0,3,23.0,0,0,STON/O2. 3101290,7.925,¯\(ツ)/¯,0,0,0,0,1,0,Miss
0,2,31.0,1,1,S.C./PARIS 2079,37.0042,¯\(ツ)/¯,2,0,1,0,0,1,Mr
0,3,43.0,0,0,C 7075,6.45,¯\(ツ)/¯,0,0,0,0,1,1,Mr
0,3,10.0,3,2,347088,27.9,¯\(ツ)/¯,5,0,0,0,1,1,Master
1,1,52.0,1,1,12749,93.5,B69,2,0,0,0,1,0,Mrs
1,3,27.0,0,0,315098,8.6625,¯\(ツ)/¯,0,0,0,0,1,1,Mr
0,1,38.0,0,0,19972,0.0,¯\(ツ)/¯,0,0,0,0,1,1,Jonkheer
1,3,27.0,0,1,392096,12.475,E121,1,0,0,0,1,0,Mrs
0,3,2.0,4,1,3101295,39.6875,¯\(ツ)/¯,5,0,0,0,1,1,Master
0,3,,0,0,368323,6.95,¯\(ツ)/¯,0,0,0,1,0,1,Mr
0,3,,0,0,1601,56.4958,¯\(ツ)/¯,0,0,0,0,1,1,Mr
1,2,1.0,0,2,S.C./PARIS 2079,37.0042,¯\(ツ)/¯,2,0,1,0,0,1,Master
1,3,,0,0,367228,7.75,¯\(ツ)/¯,0,0,0,1,0,1,Mr
1,3,15.0,1,0,2659,14.4542,¯\(ツ)/¯,1,0,1,0,0,0,Mrs
1,2,0.83,1,1,29106,18.75,¯\(ツ)/¯,2,0,0,0,1,1,Master
0,3,,0,0,2671,7.2292,¯\(ツ)/¯,0,0,1,0,0,1,Mr
0,3,23.0,0,0,347468,7.8542,¯\(ツ)/¯,0,0,0,0,1,1,Mr
0,3,18.0,0,0,2223,8.3,¯\(ツ)/¯,0,0,0,0,1,1,Mr
1,1,39.0,1,1,PC 17756,83.1583,E49,2,0,1,0,0,0,Miss
0,3,21.0,0,0,315097,8.6625,¯\(ツ)/¯,0,0,0,0,1,1,Mr
0,3,,0,0,392092,8.05,¯\(ツ)/¯,0,0,0,0,1,1,Mr
1,3,32.0,0,0,1601,56.4958,¯\(ツ)/¯,0,0,0,0,1,1,Mr
1,1,,0,0,11774,29.7,C47,0,0,1,0,0,1,Mr
0,3,20.0,0,0,SOTON/O2 3101287,7.925,¯\(ツ)/¯,0,0,0,0,1,1,Mr
0,2,16.0,0,0,S.O./P.P. 3,10.5,¯\(ツ)/¯,0,0,0,0,1,1,Mr
1,1,30.0,0,0,113798,31.0,¯\(ツ)/¯,0,0,1,0,0,0,Miss
0,3,34.5,0,0,2683,6.4375,¯\(ツ)/¯,0,0,1,0,0,1,Mr
0,3,17.0,0,0,315090,8.6625,¯\(ツ)/¯,0,0,0,0,1,1,Mr
0,3,42.0,0,0,C.A. 5547,7.55,¯\(ツ)/¯,0,0,0,0,1,1,Mr
0,3,,8,2,CA. 2343,69.55,¯\(ツ)/¯,10,0,0,0,1,1,Mr
0,3,35.0,0,0,349213,7.8958,¯\(ツ)/¯,0,0,1,0,0,1,Mr
0,2,28.0,0,1,248727,33.0,¯\(ツ)/¯,1,1,0,0,1,1,Rev
1,1,,1,0,17453,89.1042,C92,1,0,1,0,0,0,Mrs
0,3,4.0,4,2,347082,31.275,¯\(ツ)/¯,6,0,0,0,1,1,Master
0,3,74.0,0,0,347060,7.775,¯\(ツ)/¯,0,0,0,0,1,1,Mr
0,3,9.0,1,1,2678,15.2458,¯\(ツ)/¯,2,0,1,0,0,0,Miss
1,1,16.0,0,1,PC 17592,39.4,D28,1,0,0,0,1,0,Miss
0,2,44.0,1,0,244252,26.0,¯\(ツ)/¯,1,0,0,0,1,0,Mrs
1,3,18.0,0,1,392091,9.35,¯\(ツ)/¯,1,0,0,0,1,0,Mrs
1,1,45.0,1,1,36928,164.8667,¯\(ツ)/¯,2,0,0,0,1,0,Mrs
1,1,51.0,0,0,113055,26.55,E17,0,0,0,0,1,1,Mr
1,3,24.0,0,3,2666,19.2583,¯\(ツ)/¯,3,0,1,0,0,0,Mrs
0,3,,0,0,2629,7.2292,¯\(ツ)/¯,0,0,1,0,0,1,Mr
0,3,41.0,2,0,350026,14.1083,¯\(ツ)/¯,2,0,0,0,1,1,Mr
0,2,21.0,1,0,28134,11.5,¯\(ツ)/¯,1,0,0,0,1,1,Mr
1,1,48.0,0,0,17466,25.9292,D17,0,0,0,0,1,0,Mrs
0,3,,8,2,CA. 2343,69.55,¯\(ツ)/¯,10,0,0,0,1,0,Miss
0,2,24.0,0,0,233866,13.0,¯\(ツ)/¯,0,0,0,0,1,1,Mr
1,2,42.0,0,0,236852,13.0,¯\(ツ)/¯,0,0,0,0,1,0,Mrs
1,2,27.0,1,0,SC/PARIS 2149,13.8583,¯\(ツ)/¯,1,0,1,0,0,0,Miss
0,1,31.0,0,0,PC 17590,50.4958,A24,0,0,0,0,1,1,Mr
0,3,,0,0,345777,9.5,¯\(ツ)/¯,0,0,0,0,1,1,Mr
1,3,4.0,1,1,347742,11.1333,¯\(ツ)/¯,2,0,0,0,1,1,Master
0,3,26.0,0,0,349248,7.8958,¯\(ツ)/¯,0,0,0,0,1,1,Mr
1,1,47.0,1,1,11751,52.5542,D35,2,0,0,0,1,0,Mrs
0,1,33.0,0,0,695,5.0,B51 B53 B55,0,0,0,0,1,1,Mr
0,3,47.0,0,0,345765,9.0,¯\(ツ)/¯,0,0,0,0,1,1,Mr
1,2,28.0,1,0,P/PP 3381,24.0,¯\(ツ)/¯,1,0,1,0,0,0,Mrs
1,3,15.0,0,0,2667,7.225,¯\(ツ)/¯,0,0,1,0,0,0,Miss
0,3,20.0,0,0,7534,9.8458,¯\(ツ)/¯,0,0,0,0,1,1,Mr
0,3,19.0,0,0,349212,7.8958,¯\(ツ)/¯,0,0,0,0,1,1,Mr
0,3,,0,0,349217,7.8958,¯\(ツ)/¯,0,0,0,0,1,1,Mr
1,1,56.0,0,1,11767,83.1583,C50,1,0,1,0,0,0,Mrs
1,2,25.0,0,1,230433,26.0,¯\(ツ)/¯,1,0,0,0,1,0,Mrs
0,3,33.0,0,0,349257,7.8958,¯\(ツ)/¯,0,0,0,0,1,1,Mr
0,3,22.0,0,0,7552,10.5167,¯\(ツ)/¯,0,0,0,0,1,0,Miss
0,2,28.0,0,0,C.A./SOTON 34068,10.5,¯\(ツ)/¯,0,0,0,0,1,1,Mr
0,3,25.0,0,0,SOTON/OQ 392076,7.05,¯\(ツ)/¯,0,0,0,0,1,1,Mr
0,3,39.0,0,5,382652,29.125,¯\(ツ)/¯,5,0,0,1,0,0,Mrs
0,2,27.0,0,0,211536,13.0,¯\(ツ)/¯,0,1,0,0,1,1,Rev
1,1,19.0,0,0,112053,30.0,B42,0,0,0,0,1,0,Miss
0,3,,1,2,W./C. 6607,23.45,¯\(ツ)/¯,3,0,0,0,1,0,Miss
1,1,26.0,0,0,111369,30.0,C148,0,0,1,0,0,1,Mr
0,3,32.0,0,0,370376,7.75,¯\(ツ)/¯,0,0,0,1,0,1,Mr
